0   			MISSING_ANIM
1   			STAND
2   			SKELETON_PERSISTENT_METADATA
3   			PERSISTENT_METADATA_ALIVE
4   			PERSISTENT_METADATA_DEAD
5   			PERSISTENT_METADATA_FLYING
6   			PORTHOLE_IDLE
7   			PORTHOLE_AFFIRMATIVE
8   			PORTHOLE_NEGATIVE
9   			PORTHOLE_STAND_IDLE
10  			PORTHOLE_STAND_AFFIRMATIVE
11  			PORTHOLE_STAND_NEGATIVE
12  			ENGINE_FIRE
13  			ENGINE_FIRE_LOOP
14  			ENGINE_LOAD
15  			ENGINE_RETURN_TO_FIRING_POSITION
16  			ENGINE_LOAD_IDLE
17  			ENGINE_FIRE_IDLE
18  			ENGINE_BURNING_START
19  			ENGINE_BURNING_LOOP
20  			ENGINE_LIMBER
21  			ENGINE_UNLIMBER
22  			ENGINE_LIMBERED
23  			ENGINE_LIMBERED_FORWARDS
24  			ENGINE_LIMBERED_BACKWARDS
25  			ENGINE_LIMBERED_TURN_LEFT
26  			ENGINE_LIMBERED_TURN_RIGHT
27  			WHALE_DIVE
28  			STAND_TO_COMBAT_READY_FLAG_DROPPING
29  			RIDER_STAND_TO_RIDER_COMBAT_READY_FLAG_DROPPING
30  			STAND_TO_WALK
31  			STAND_TO_COMBAT_READY
32  			STAND_TO_STAND_SHIELD_UP
33  			STAND_TO_STAND_SHIELD_FRONT
34  			STAND_TO_STAND_SHIELD_TOP
35  			STAND_IDLE_1
36  			STAND_IDLE_2
37  			STAND_IDLE_3
38  			STAND_IDLE_4
39  			STAND_IDLE_5
40  			STAND_IDLE_6
41  			STAND_IDLE_7
42  			STAND_IDLE_8
43  			STAND_IDLE_9
44  			STAND_IDLE_10
45  			STAND_IDLE_11
46  			STAND_IDLE_12
47  			WALK_1
48  			WALK_2
49  			WALK_3
50  			WALK_4
51  			WALK_5
52  			WALK_TO_STAND
53  			WALK_IDLE_1
54  			RUN_1
55  			RUN_2
56  			RUN_3
57  			RUN_4
58  			RUN_5
59  			RUN_TO_STAND
60  			RUN_IDLE_1
61  			WALK_BACKWARD_1
62  			WALK_BACKWARD_2
63  			STEP_FORWARD
64  			STEP_BACKWARD
65  			STEP_LEFT
66  			STEP_RIGHT
67  			STEP_LFOOT_LEFT
68  			STEP_LFOOT_RIGHT
69  			STEP_RFOOT_LEFT
70  			STEP_RFOOT_RIGHT
71  			STEP_FORWARD_LEFT
72  			STEP_FORWARD_RIGHT
73  			STEP_BACKWARD_LEFT
74  			STEP_BACKWARD_RIGHT
75  			TURN_LEFT_45
76  			TURN_RIGHT_45
77  			TURN_LEFT_90
78  			TURN_RIGHT_90
79  			TURN_LEFT_180
80  			TURN_RIGHT_180
81  			TURN_LEFT_TO_WALK_45
82  			TURN_RIGHT_TO_WALK_45
83  			TURN_LEFT_TO_WALK_90
84  			TURN_RIGHT_TO_WALK_90
85  			TURN_LEFT_TO_WALK_180
86  			TURN_RIGHT_TO_WALK_180
87  			FLY_STAND
88  			FLY_IDLE_1
89  			FLY_WALK_1
90  			FLY_WALK_2
91  			FLY_WALK_3
92  			FLY_WALK_4
93  			FLY_WALK_5
94  			FLY_STEP_FORWARD
95  			FLY_STEP_BACKWARD
96  			FLY_STEP_LEFT
97  			FLY_STEP_RIGHT
98  			FLY_CHARGE_AIR_TO_AIR
99  			FLY_CHARGE_AIR_TO_GROUND
100 			FLY_CHARGE_LAND
101 			FLY_TAKEOFF
102 			FLY_COMBAT_READY
103 			FLY_COMBAT_READY_MOVE_1
104 			FLY_COMBAT_READY_MOVE_2
105 			FLY_COMBAT_READY_MOVE_3
106 			FLY_COMBAT_READY_MOVE_4
107 			FLY_COMBAT_READY_MOVE_5
108 			FLY_COMBAT_IDLE_1
109 			BE_MOUNTED_LEFT
110 			BE_MOUNTED_RIGHT
111 			BE_DISMOUNTED_LEFT
112 			BE_DISMOUNTED_RIGHT
113 			REFUSE_1
114 			REFUSE_2
115 			REFUSE_3
116 			REFUSE_4
117 			REFUSE_CAN_THROW_RIDER_1
118 			SKID_STOP_1
119 			SKID_STOP_2
120 			SKID_STOP_3
121 			MOUNT_TESTUDO
122 			MOUNT_TESTUDO_TO_STAND
123 			STAND_TO_MOUNT_TESTUDO
124 			MOUNT_TESTUDO_IDLE_1
125 			CHARGE
126 			CHARGE_2
127 			CHARGE_3
128 			CHARGE_TO_STAND
129 			CHARGE_BERSERK
130 			CHARGE_BERSERK_2
131 			CHARGE_BERSERK_3
132 			CHARGE_BERSERK_TO_STAND
133 			WALK_JUMP
134 			RUN_JUMP
135 			KNOCKBACK_1
136 			KNOCKBACK_2
137 			KNOCKBACK_3
138 			KNOCKBACK_4
139 			KNOCKBACK_5
140 			KNOCKBACK_6
141 			SHOOT_KNOCKBACK_1
142 			SHOOT_KNOCKBACK_2
143 			SHOOT_KNOCKBACK_3
144 			SHOOT_KNOCKBACK_4
145 			SHOOT_KNOCKBACK_5
146 			SHOOT_KNOCKBACK_6
147 			KNOCKDOWN_1
148 			KNOCKDOWN_2
149 			KNOCKDOWN_3
150 			KNOCKDOWN_4
151 			KNOCKDOWN_5
152 			KNOCKDOWN_6
153 			KNOCKDOWN_7
154 			KNOCKDOWN_8
155 			KNOCKDOWN_9
156 			KNOCKDOWN_DEATH_1
157 			KNOCKDOWN_DEATH_2
158 			KNOCKDOWN_DEATH_3
159 			KNOCKDOWN_DEATH_4
160 			SHOOT_KNOCKDOWN_1
161 			SHOOT_KNOCKDOWN_2
162 			SHOOT_KNOCKDOWN_3
163 			SHOOT_KNOCKDOWN_4
164 			SHOOT_KNOCKDOWN_5
165 			SHOOT_KNOCKDOWN_6
166 			SHOOT_KNOCKDOWN_7
167 			SHOOT_KNOCKDOWN_8
168 			SHOOT_KNOCKDOWN_9
169 			SHOOT_KNOCKDOWN_DEATH_1
170 			SHOOT_KNOCKDOWN_DEATH_2
171 			SHOOT_KNOCKDOWN_DEATH_3
172 			SHOOT_KNOCKDOWN_DEATH_4
173 			KNOCKED_FLYING_1
174 			SHOOT_KNOCKED_FLYING_1
175 			KNOCKED_FLYING_LANDED_1
176 			KNOCKED_FLYING_LANDED_2
177 			KNOCKED_FLYING_LANDED_3
178 			KNOCKED_FLYING_LANDED_4
179 			SHOOT_KNOCKED_FLYING_LANDED_1
180 			SHOOT_KNOCKED_FLYING_LANDED_2
181 			SHOOT_KNOCKED_FLYING_LANDED_3
182 			SHOOT_KNOCKED_FLYING_LANDED_4
183 			KNOCKED_FLYING_LANDED_DEATH_1
184 			SHOOT_KNOCKED_FLYING_LANDED_DEATH_1
185 			FALL_OVER_BACKWARDS
186 			FALL_OVER_FORWARDS
187 			FALL_OVER_LEFTSIDE
188 			FALL_OVER_RIGHTSIDE
189 			SHOOT_FALL_OVER_BACKWARDS
190 			SHOOT_FALL_OVER_FORWARDS
191 			SHOOT_FALL_OVER_LEFTSIDE
192 			SHOOT_FALL_OVER_RIGHTSIDE
193 			FACE_DOWN_GET_UP
194 			FACE_UP_GET_UP
195 			LYING_DOWN_FACE_DOWN
196 			LYING_DOWN_FACE_UP
197 			SHOOT_FACE_DOWN_GET_UP
198 			SHOOT_FACE_UP_GET_UP
199 			SHOOT_LYING_DOWN_FACE_DOWN
200 			SHOOT_LYING_DOWN_FACE_UP
201 			DEATH_FACE_DOWN
202 			DEATH_FACE_DOWN_2
203 			DEATH_FACE_DOWN_3
204 			DEATH_FACE_DOWN_4
205 			DEATH_FACE_UP
206 			DEATH_FACE_UP_2
207 			DEATH_SHOOT_FACE_DOWN
208 			DEATH_SHOOT_FACE_UP
209 			FALL_CONTROLLED1
210 			FALL_CONTROLLED2
211 			FALL_FLAILING_TRANSITION_IN
212 			FALL_FLAILING1
213 			FALL_FLAILING2
214 			FALL_TUMBLING1
215 			FALL_TUMBLING2
216 			LAND_ON_SPOT
217 			LAND_WITH_MOVEMENT
218 			WOUNDED_FACEDOWN_1
219 			WOUNDED_FACEUP_1
220 			WOUNDED_KNEEL_1
221 			WOUNDED_KNEEL_ALT_1
222 			DEATH_STAND_1
223 			DEATH_STAND_2
224 			DEATH_STAND_3
225 			DEATH_STAND_4
226 			DEATH_STAND_5
227 			DEATH_STAND_6
228 			DEATH_STAND_7
229 			DEATH_STAND_8
230 			DEATH_STAND_9
231 			DEATH_STAND_10
232 			DEATH_STAND_11
233 			DEATH_STAND_12
234 			DEATH_STAND_13
235 			DEATH_STAND_14
236 			DEATH_STAND_15
237 			DEATH_STAND_16
238 			DEATH_STAND_17
239 			DEATH_STAND_18
240 			DEATH_WALK_1
241 			DEATH_WALK_2
242 			DEATH_WALK_3
243 			DEATH_WALK_4
244 			DEATH_RUN_1
245 			DEATH_RUN_2
246 			DEATH_RUN_3
247 			DEATH_CHARGE_1
248 			DEATH_CHARGE_2
249 			DEATH_CHARGE_3
250 			DEATH_CHARGE_4
251 			DEATH_CHARGE_5
252 			DEATH_COMBAT_READY_1
253 			DEATH_COMBAT_READY_2
254 			DEATH_COMBAT_READY_3
255 			DEATH_COMBAT_READY_4
256 			DEATH_COMBAT_READY_5
257 			DEATH_COMBAT_READY_6
258 			DEATH_COMBAT_READY_7
259 			DEATH_COMBAT_READY_8
260 			DEATH_COMBAT_READY_9
261 			DEATH_COMBAT_READY_10
262 			DEATH_COMBAT_READY_11
263 			DEATH_COMBAT_READY_12
264 			DEATH_COMBAT_READY_13
265 			DEATH_COMBAT_READY_14
266 			DEATH_COMBAT_READY_15
267 			DEATH_SHOOT_STAND_1
268 			DEATH_SHOOT_STAND_2
269 			DEATH_SHOOT_STAND_3
270 			DEATH_SHOOT_STAND_4
271 			DEATH_SHOOT_STAND_5
272 			DEATH_SHOOT_STAND_6
273 			DEATH_SHOOT_STAND_7
274 			DEATH_SHOOT_STAND_8
275 			DEATH_SHOOT_STAND_9
276 			DEATH_SHOOT_STAND_10
277 			DEATH_SHOOT_STAND_11
278 			DEATH_SHOOT_STAND_12
279 			DEATH_SHOOT_WALK_1
280 			DEATH_SHOOT_RUN_1
281 			DEATH_AIM_1
282 			DEATH_RELOAD_1
283 			DEATH_KNEEL_1
284 			DEATH_KNEEL_2
285 			DEATH_KNEEL_3
286 			DEATH_KNEEL_4
287 			DEATH_KNEEL_5
288 			DEATH_KNEEL_AIM_1
289 			DEATH_JUMP_1
290 			DEATH_MOVING_1
291 			DEATH_BURNING_STAND_1
292 			DEATH_BURNING_STAND_2
293 			DEATH_BURNING_STAND_3
294 			DEATH_BURNING_MOVING_1
295 			DEATH_POISON_STAND_1
296 			DEATH_POISON_MOVING_1
297 			LAND_DEATH_1
298 			LAND_DEATH_2
299 			SHOOT_LAND_DEATH_1
300 			DEATH_KILL_ELEPHANT
301 			RESURRECT
302 			DAMAGE_SMALL_1
303 			DAMAGE_SMALL_2
304 			DAMAGE_SMALL_3
305 			DAMAGE_SMALL_4
306 			DAMAGE_SMALL_5
307 			DAMAGE_SMALL_6
308 			DAMAGE_SMALL_7
309 			DAMAGE_SMALL_8
310 			BLOCK_1
311 			BLOCK_2
312 			BLOCK_3
313 			BLOCK_4
314 			BLOCK_5
315 			BLOCK_6
316 			BLOCK_7
317 			BLOCK_8
318 			BLOCK_HIGH_1
319 			BLOCK_HIGH_2
320 			BLOCK_HIGH_3
321 			BLOCK_HIGH_4
322 			BLOCK_HIGH_5
323 			BLOCK_HIGH_6
324 			FACIAL_ANIMATION_BLINK_1
325 			FACIAL_ANIMATION_FROWN_1
326 			FACIAL_ANIMATION_NARROW_EYES_1
327 			FACIAL_ANIMATION_SHOUT_1
328 			FACIAL_ANIMATION_SPEAK_1
329 			FACIAL_ANIMATION_SURPRISE_1
330 			FACE_POSE_RELAX
331 			FACE_POSE_RELAX_BLINK
332 			FACE_POSE_ANGRY
333 			FACE_POSE_ANGRY2
334 			FACE_POSE_ANGRY_BLINK
335 			FACE_POSE_ANGRY_SCREAM
336 			FACE_POSE_DEAD
337 			FACE_POSE_DEAD2
338 			FACE_POSE_DEATH_SCREAM
339 			FACE_POSE_WORRIED
340 			FACE_POSE_WORRIED_BLINK
341 			FACE_POSE_SAD
342 			FACE_POSE_FROWN
343 			FACE_POSE_HAPPY
344 			FACE_POSE_HAPPY2
345 			FACE_POSE_HAPPY3
346 			FACE_POSE_CUSTOM_1
347 			FACE_POSE_CUSTOM_2
348 			HAND_POSE_RELAX
349 			HAND_POSE_FLAT
350 			HAND_POSE_CLENCH
351 			HAND_POSE_GRIP
352 			HAND_POSE_HALF_OPEN
353 			HAND_POSE_THUMB_GRIP
354 			HAND_POSE_CUSTOM_1
355 			HAND_POSE_CUSTOM_2
356 			HAND_POSE_CUSTOM_3
357 			HAND_POSE_CUSTOM_4
358 			HAND_POSE_CUSTOM_5
359 			HAND_POSE_CUSTOM_6
360 			HAND_POSE_CUSTOM_7
361 			HAND_POSE_CUSTOM_8
362 			HAND_POSE_CUSTOM_9
363 			HAND_POSE_CUSTOM_10
364 			DOCK_EQUIPMENT_LEFT_HAND
365 			DOCK_EQUIPMENT_RIGHT_HAND
366 			DOCK_EQUIPMENT_LEFT_WAIST
367 			DOCK_EQUIPMENT_RIGHT_WAIST
368 			DOCK_EQUIPMENT_BACK
369 			COMBAT_IDLE_1
370 			COMBAT_IDLE_2
371 			COMBAT_IDLE_3
372 			COMBAT_IDLE_4
373 			COMBAT_IDLE_5
374 			COMBAT_IDLE_6
375 			COMBAT_IDLE_7
376 			COMBAT_IDLE_8
377 			COMBAT_IDLE_9
378 			COMBAT_IDLE_10
379 			COMBAT_IDLE_11
380 			COMBAT_IDLE_12
381 			COMBAT_IDLE_13
382 			BERSERK_IDLE_1
383 			PUSHING_ATTACK_1
384 			PUSHING_ATTACK_2
385 			PUSHING_ATTACK_3
386 			PUSHING_ATTACK_4
387 			PUSHING_ATTACK_5
388 			ATTACK_1
389 			ATTACK_2
390 			ATTACK_3
391 			ATTACK_4
392 			ATTACK_5
393 			ATTACK_6
394 			ATTACK_7
395 			ATTACK_8
396 			ATTACK_9
397 			ATTACK_10
398 			ATTACK_11
399 			ATTACK_12
400 			ATTACK_13
401 			ATTACK_14
402 			ATTACK_15
403 			ATTACK_HIGH_1
404 			ATTACK_HIGH_2
405 			ATTACK_HIGH_3
406 			ATTACK_HIGH_4
407 			ATTACK_HIGH_5
408 			ATTACK_HIGH_6
409 			ATTACK_HIGH_7
410 			ATTACK_HIGH_8
411 			ATTACK_HIGH_9
412 			ATTACK_HIGH_10
413 			ATTACK_LOW_1
414 			ATTACK_LOW_2
415 			ATTACK_LOW_3
416 			ATTACK_LOW_4
417 			ATTACK_LOW_5
418 			ATTACK_LOW_6
419 			ATTACK_LOW_7
420 			ATTACK_LOW_8
421 			ATTACK_LOW_9
422 			ATTACK_LOW_10
423 			ATTACK_FAILED_1
424 			ATTACK_FAILED_2
425 			ATTACK_FAILED_3
426 			ATTACK_FAILED_4
427 			ATTACK_FAILED_5
428 			ATTACK_FAILED_6
429 			ATTACK_FAILED_7
430 			ATTACK_FAILED_8
431 			ATTACK_FAILED_9
432 			ATTACK_FAILED_10
433 			ATTACK_FAILED_11
434 			ATTACK_FAILED_12
435 			ATTACK_FAILED_13
436 			ATTACK_FAILED_14
437 			ATTACK_FAILED_15
438 			ATTACK_FAILED_HIGH_1
439 			ATTACK_FAILED_HIGH_2
440 			ATTACK_FAILED_HIGH_3
441 			ATTACK_FAILED_HIGH_4
442 			ATTACK_FAILED_HIGH_5
443 			ATTACK_FAILED_HIGH_6
444 			ATTACK_FAILED_HIGH_7
445 			ATTACK_FAILED_HIGH_8
446 			ATTACK_FAILED_HIGH_9
447 			ATTACK_FAILED_HIGH_10
448 			ATTACK_FAILED_LOW_1
449 			ATTACK_FAILED_LOW_2
450 			ATTACK_FAILED_LOW_3
451 			ATTACK_FAILED_LOW_4
452 			ATTACK_FAILED_LOW_5
453 			ATTACK_FAILED_LOW_6
454 			ATTACK_FAILED_LOW_7
455 			ATTACK_FAILED_LOW_8
456 			ATTACK_FAILED_LOW_9
457 			ATTACK_FAILED_LOW_10
458 			ATTACK_BRACING_1
459 			ATTACK_BRACING_2
460 			ATTACK_BRACING_3
461 			ATTACK_BRACING_4
462 			ATTACK_BRACING_5
463 			ATTACK_BRACING_6
464 			ATTACK_BRACING_7
465 			ATTACK_BRACING_FAILED_1
466 			ATTACK_BRACING_FAILED_2
467 			ATTACK_BRACING_FAILED_3
468 			ATTACK_BRACING_FAILED_4
469 			ATTACK_BRACING_FAILED_5
470 			ATTACK_BRACING_FAILED_6
471 			ATTACK_BRACING_FAILED_7
472 			LOW_FORMATION_ATTACK_1
473 			LOW_FORMATION_ATTACK_FAILED_1
474 			MID_FORMATION_ATTACK_1
475 			MID_FORMATION_ATTACK_2
476 			MID_FORMATION_ATTACK_3
477 			MID_FORMATION_ATTACK_FAILED_1
478 			MID_FORMATION_ATTACK_FAILED_2
479 			MID_FORMATION_ATTACK_FAILED_3
480 			HIGH_FORMATION_ATTACK_1
481 			HIGH_FORMATION_ATTACK_FAILED_1
482 			DAMAGE_BIG_1
483 			DAMAGE_BIG_2
484 			DAMAGE_BIG_3
485 			DAMAGE_BIG_4
486 			DAMAGE_BIG_5
487 			DAMAGE_BIG_6
488 			DAMAGE_BIG_7
489 			DAMAGE_BIG_8
490 			DAMAGE_BIG_SHOOT_1
491 			DAMAGE_BIG_SHOOT_2
492 			DAMAGE_BIG_SHOOT_3
493 			DAMAGE_BIG_SHOOT_4
494 			DAMAGE_BIG_SHOOT_5
495 			DAMAGE_BIG_SHOOT_6
496 			MOVING_ATTACK_1
497 			MOVING_ATTACK_2
498 			MOVING_ATTACK_3
499 			MOVING_ATTACK_4
500 			MOVING_ATTACK_5
501 			CHARGE_ATTACK_1
502 			CHARGE_ATTACK_2
503 			JUMPING_ATTACK_1
504 			JUMPING_ATTACK_2
505 			JUMPING_ATTACK_3
506 			JUMPING_ATTACK_4
507 			FLY_ATTACK_1
508 			FLY_DAMAGE_BIG_1
509 			AUTONOMOUS_RIDER_ATTACK_1
510 			LEAN_LEFT
511 			LEAN_RIGHT
512 			RIDER_LEAN_LEFT
513 			RIDER_LEAN_RIGHT
514 			TRANSITION_SLOT
515 			COMBAT_SLOT
516 			RIDER_COMBAT_SLOT
517 			TRIGGER_SLOT
518 			RIDER_TRIGGER_SLOT
519 			SNEAK
520 			CROUCH
521 			CROUCH_STEP_FORWARD
522 			CROUCH_STEP_BACKWARD
523 			CROUCH_STEP_LEFT
524 			CROUCH_STEP_RIGHT
525 			CROUCH_TURN_LEFT_45
526 			CROUCH_TURN_RIGHT_45
527 			CROUCH_TURN_LEFT_90
528 			CROUCH_TURN_RIGHT_90
529 			CROUCH_TURN_LEFT_180
530 			CROUCH_TURN_RIGHT_180
531 			CROUCH_TURN_LEFT_TO_SNEAK_45
532 			CROUCH_TURN_RIGHT_TO_SNEAK_45
533 			CROUCH_TURN_LEFT_TO_SNEAK_90
534 			CROUCH_TURN_RIGHT_TO_SNEAK_90
535 			CROUCH_TURN_LEFT_TO_SNEAK_180
536 			CROUCH_TURN_RIGHT_TO_SNEAK_180
537 			CROUCH_TO_STAND
538 			STAND_TO_CROUCH
539 			CROUCH_TO_SNEAK
540 			SNEAK_TO_CROUCH
541 			CROUCH_TO_COMBAT_READY
542 			COMBAT_READY_TO_CROUCH
543 			CROUCH_IDLE_1
544 			CROUCH_IDLE_2
545 			CROUCH_IDLE_3
546 			CROUCH_IDLE_4
547 			KNEEL_READY
548 			KNEEL_READY_TO_STAND
549 			STAND_TO_KNEEL_READY
550 			KNEEL_READY_TO_COMBAT_READY
551 			COMBAT_READY_TO_KNEEL_READY
552 			KNEEL_READY_IDLE_1
553 			KNEEL_READY_IDLE_2
554 			KNEEL_READY_IDLE_3
555 			KNEEL_BRACED
556 			KNEEL_BRACED_TO_STAND
557 			STAND_TO_KNEEL_BRACED
558 			KNEEL_BRACED_TO_COMBAT_READY
559 			COMBAT_READY_TO_KNEEL_BRACED
560 			KNEEL_BRACED_IDLE_1
561 			KNEEL_BRACED_IDLE_2
562 			KNEEL_BRACED_IDLE_3
563 			LOW_FORMATION
564 			MID_FORMATION
565 			HIGH_FORMATION
566 			LOW_FORMATION_TO_STAND
567 			STAND_TO_LOW_FORMATION
568 			MID_FORMATION_TO_STAND
569 			STAND_TO_MID_FORMATION
570 			HIGH_FORMATION_TO_STAND
571 			STAND_TO_HIGH_FORMATION
572 			LOW_FORMATION_TO_COMBAT_READY
573 			COMBAT_READY_TO_LOW_FORMATION
574 			MID_FORMATION_TO_COMBAT_READY
575 			COMBAT_READY_TO_MID_FORMATION
576 			HIGH_FORMATION_TO_COMBAT_READY
577 			COMBAT_READY_TO_HIGH_FORMATION
578 			LOW_FORMATION_TO_STAND_SHIELD_UP
579 			STAND_SHIELD_UP_TO_LOW_FORMATION
580 			MID_FORMATION_TO_STAND_SHIELD_UP
581 			STAND_SHIELD_UP_TO_MID_FORMATION
582 			HIGH_FORMATION_TO_STAND_SHIELD_UP
583 			STAND_SHIELD_UP_TO_HIGH_FORMATION
584 			LOW_FORMATION_TO_STAND_SHIELD_FRONT
585 			STAND_SHIELD_FRONT_TO_LOW_FORMATION
586 			MID_FORMATION_TO_STAND_SHIELD_FRONT
587 			STAND_SHIELD_FRONT_TO_MID_FORMATION
588 			HIGH_FORMATION_TO_STAND_SHIELD_FRONT
589 			STAND_SHIELD_FRONT_TO_HIGH_FORMATION
590 			LOW_FORMATION_TO_STAND_SHIELD_TOP
591 			STAND_SHIELD_TOP_TO_LOW_FORMATION
592 			MID_FORMATION_TO_STAND_SHIELD_TOP
593 			STAND_SHIELD_TOP_TO_MID_FORMATION
594 			HIGH_FORMATION_TO_STAND_SHIELD_TOP
595 			STAND_SHIELD_TOP_TO_HIGH_FORMATION
596 			LOW_FORMATION_IDLE_1
597 			LOW_FORMATION_IDLE_2
598 			MID_FORMATION_IDLE_1
599 			MID_FORMATION_IDLE_2
600 			MID_FORMATION_IDLE_3
601 			MID_FORMATION_IDLE_4
602 			HIGH_FORMATION_IDLE_1
603 			HIGH_FORMATION_IDLE_2
604 			HIGH_FORMATION_IDLE_3
605 			HIGH_FORMATION_IDLE_4
606 			HIGH_FORMATION_IDLE_5
607 			STAND_NO_WEAPON
608 			STAND_NO_WEAPON_TO_STAND
609 			STAND_TO_STAND_NO_WEAPON
610 			STAND_NO_WEAPON_IDLE_1
611 			STAND_NO_WEAPON_IDLE_2
612 			STAND_NO_WEAPON_IDLE_3
613 			STAND_NO_WEAPON_IDLE_4
614 			STAND_NO_WEAPON_WALK
615 			STAND_NO_WEAPON_RUN
616 			STAND_NO_WEAPON_STEP_FORWARD
617 			STAND_NO_WEAPON_STEP_BACKWARD
618 			STAND_NO_WEAPON_STEP_LEFT
619 			STAND_NO_WEAPON_STEP_RIGHT
620 			STAND_NO_WEAPON_TURN_LEFT_45
621 			STAND_NO_WEAPON_TURN_RIGHT_45
622 			STAND_NO_WEAPON_TURN_LEFT_90
623 			STAND_NO_WEAPON_TURN_RIGHT_90
624 			STAND_NO_WEAPON_TURN_LEFT_180
625 			STAND_NO_WEAPON_TURN_RIGHT_180
626 			STAND_NO_WEAPON_TURN_LEFT_TO_WALK_45
627 			STAND_NO_WEAPON_TURN_RIGHT_TO_WALK_45
628 			STAND_NO_WEAPON_TURN_LEFT_TO_WALK_90
629 			STAND_NO_WEAPON_TURN_RIGHT_TO_WALK_90
630 			STAND_NO_WEAPON_TURN_LEFT_TO_WALK_180
631 			STAND_NO_WEAPON_TURN_RIGHT_TO_WALK_180
632 			STAND_FATIGUED
633 			STAND_FATIGUED_TO_WALK_FATIGUED
634 			STAND_FATIGUED_TO_COMBAT_READY
635 			COMBAT_READY_TO_STAND_FATIGUED
636 			FATIGUED_IDLE_1
637 			WALK_FATIGUED_1
638 			WALK_FATIGUED_2
639 			WALK_FATIGUED_3
640 			WALK_FATIGUED_4
641 			WALK_FATIGUED_5
642 			WALK_FATIGUED_TO_STAND_FATIGUED
643 			WALK_FATIGUED_TO_RUN_FATIGUED
644 			RUN_FATIGUED_1
645 			RUN_FATIGUED_2
646 			RUN_FATIGUED_3
647 			RUN_FATIGUED_4
648 			RUN_FATIGUED_5
649 			RUN_FATIGUED_TO_STAND_FATIGUED
650 			STEP_FORWARD_FATIGUED
651 			STEP_BACKWARD_FATIGUED
652 			STEP_LEFT_FATIGUED
653 			STEP_RIGHT_FATIGUED
654 			TURN_LEFT_FATIGUED_45
655 			TURN_RIGHT_FATIGUED_45
656 			TURN_LEFT_FATIGUED_90
657 			TURN_RIGHT_FATIGUED_90
658 			TURN_LEFT_FATIGUED_180
659 			TURN_RIGHT_FATIGUED_180
660 			TURN_LEFT_TO_WALK_FATIGUED_45
661 			TURN_RIGHT_TO_WALK_FATIGUED_45
662 			TURN_LEFT_TO_WALK_FATIGUED_90
663 			TURN_RIGHT_TO_WALK_FATIGUED_90
664 			TURN_LEFT_TO_WALK_FATIGUED_180
665 			TURN_RIGHT_TO_WALK_FATIGUED_180
666 			STAND_CIVILIAN
667 			STAND_CIVILIAN_TO_WALK_CIVILIAN
668 			STAND_CIVILIAN_TO_COMBAT_READY
669 			COMBAT_READY_TO_STAND_CIVILIAN
670 			CIVILIAN_IDLE_1
671 			WALK_CIVILIAN_1
672 			WALK_CIVILIAN_2
673 			WALK_CIVILIAN_3
674 			WALK_CIVILIAN_4
675 			WALK_CIVILIAN_5
676 			WALK_CIVILIAN_TO_STAND_CIVILIAN
677 			STEP_FORWARD_CIVILIAN
678 			STEP_BACKWARD_CIVILIAN
679 			STEP_LEFT_CIVILIAN
680 			STEP_RIGHT_CIVILIAN
681 			TURN_LEFT_CIVILIAN_45
682 			TURN_RIGHT_CIVILIAN_45
683 			TURN_LEFT_CIVILIAN_90
684 			TURN_RIGHT_CIVILIAN_90
685 			TURN_LEFT_CIVILIAN_180
686 			TURN_RIGHT_CIVILIAN_180
687 			TURN_LEFT_TO_WALK_CIVILIAN_45
688 			TURN_RIGHT_TO_WALK_CIVILIAN_45
689 			TURN_LEFT_TO_WALK_CIVILIAN_90
690 			TURN_RIGHT_TO_WALK_CIVILIAN_90
691 			TURN_LEFT_TO_WALK_CIVILIAN_180
692 			TURN_RIGHT_TO_WALK_CIVILIAN_180
693 			STAND_INJURED
694 			STAND_INJURED_TO_WALK_INJURED
695 			STAND_INJURED_TO_COMBAT_READY
696 			COMBAT_READY_TO_STAND_INJURED
697 			INJURED_IDLE_1
698 			WALK_INJURED_1
699 			WALK_INJURED_2
700 			WALK_INJURED_3
701 			WALK_INJURED_4
702 			WALK_INJURED_5
703 			WALK_INJURED_TO_STAND_INJURED
704 			WALK_INJURED_TO_RUN_INJURED
705 			RUN_INJURED_1
706 			RUN_INJURED_2
707 			RUN_INJURED_3
708 			RUN_INJURED_4
709 			RUN_INJURED_5
710 			RUN_INJURED_TO_STAND_INJURED
711 			STEP_FORWARD_INJURED
712 			STEP_BACKWARD_INJURED
713 			STEP_LEFT_INJURED
714 			STEP_RIGHT_INJURED
715 			TURN_LEFT_INJURED_45
716 			TURN_RIGHT_INJURED_45
717 			TURN_LEFT_INJURED_90
718 			TURN_RIGHT_INJURED_90
719 			TURN_LEFT_INJURED_180
720 			TURN_RIGHT_INJURED_180
721 			TURN_LEFT_TO_WALK_INJURED_45
722 			TURN_RIGHT_TO_WALK_INJURED_45
723 			TURN_LEFT_TO_WALK_INJURED_90
724 			TURN_RIGHT_TO_WALK_INJURED_90
725 			TURN_LEFT_TO_WALK_INJURED_180
726 			TURN_RIGHT_TO_WALK_INJURED_180
727 			COMBAT_READY
728 			COMBAT_READY_TO_STAND
729 			COMBAT_READY_TO_STAND_SHIELD_UP
730 			COMBAT_READY_TO_STAND_SHIELD_FRONT
731 			COMBAT_READY_TO_STAND_SHIELD_TOP
732 			COMBAT_READY_TO_COMBAT_READY_MOVE
733 			COMBAT_READY_MOVE_TO_COMBAT_READY
734 			COMBAT_READY_MOVE_1
735 			COMBAT_READY_MOVE_2
736 			COMBAT_READY_MOVE_3
737 			COMBAT_READY_MOVE_4
738 			COMBAT_READY_MOVE_5
739 			COMBAT_READY_WALK_BACKWARD_1
740 			COMBAT_READY_WALK_BACKWARD_2
741 			COMBAT_READY_STEP_FORWARD
742 			COMBAT_READY_STEP_BACK
743 			COMBAT_READY_STEP_LEFT
744 			COMBAT_READY_STEP_RIGHT
745 			COMBAT_READY_STEP_LFOOT_LEFT
746 			COMBAT_READY_STEP_LFOOT_RIGHT
747 			COMBAT_READY_STEP_RFOOT_LEFT
748 			COMBAT_READY_STEP_RFOOT_RIGHT
749 			COMBAT_READY_STEP_FORWARD_LEFT
750 			COMBAT_READY_STEP_FORWARD_RIGHT
751 			COMBAT_READY_STEP_BACKWARD_LEFT
752 			COMBAT_READY_STEP_BACKWARD_RIGHT
753 			COMBAT_READY_TURN_LEFT_45
754 			COMBAT_READY_TURN_RIGHT_45
755 			COMBAT_READY_TURN_LEFT_90
756 			COMBAT_READY_TURN_RIGHT_90
757 			COMBAT_READY_TURN_LEFT_180
758 			COMBAT_READY_TURN_RIGHT_180
759 			COMBAT_READY_TURN_LEFT_TO_WALK_45
760 			COMBAT_READY_TURN_RIGHT_TO_WALK_45
761 			COMBAT_READY_TURN_LEFT_TO_WALK_90
762 			COMBAT_READY_TURN_RIGHT_TO_WALK_90
763 			COMBAT_READY_TURN_LEFT_TO_WALK_180
764 			COMBAT_READY_TURN_RIGHT_TO_WALK_180
765 			SMASH_WINDOW
766 			SITTING_ON_STOOL
767 			SITTING_ON_STOOL_TO_STAND
768 			STAND_TO_SITTING_ON_STOOL
769 			TORCH
770 			GRENADIER
771 			BLINDING_GRENADIER
772 			THROW_FIREBOMB
773 			THROW_TORCH
774 			FIX_BAYONET
775 			DEPLOY_WOODEN_STAKES
776 			PLAY_INSTRUMENT
777 			PLAY_INSTRUMENT_TO_STAND
778 			STAND_TO_PLAY_INSTRUMENT
779 			CHARIOT_DRIVER_STAND
780 			CHARIOT_DRIVER_MOVE
781 			REPAIR_1
782 			STAND_TO_REPAIR_1
783 			REPAIR_TO_STAND_1
784 			REPAIR_2
785 			STAND_TO_REPAIR_2
786 			REPAIR_TO_STAND_2
787 			REPAIR_3
788 			STAND_TO_REPAIR_3
789 			REPAIR_TO_STAND_3
790 			REPAIR_4
791 			STAND_TO_REPAIR_4
792 			REPAIR_TO_STAND_4
793 			REPAIR_5
794 			STAND_TO_REPAIR_5
795 			REPAIR_TO_STAND_5
796 			JUMP1
797 			JUMP2
798 			JUMP3
799 			JUMP_ACROSS
800 			DISEMBARK_JUMP_TAKEOFF1
801 			DISEMBARK_JUMP_TAKEOFF2
802 			DISEMBARK_JUMP_TAKEOFF3
803 			DISEMBARK_JUMP_FALLING1
804 			DISEMBARK_JUMP_FALLING2
805 			DISEMBARK_JUMP_FALLING3
806 			DISEMBARK_JUMP_LANDING1
807 			DISEMBARK_JUMP_LANDING2
808 			DISEMBARK_JUMP_LANDING3
809 			RAMP_JUMP_TAKEOFF1
810 			RAMP_JUMP_TAKEOFF2
811 			RAMP_JUMP_TAKEOFF3
812 			RAMP_JUMP_FALLING1
813 			RAMP_JUMP_FALLING2
814 			RAMP_JUMP_FALLING3
815 			RAMP_JUMP_LANDING1
816 			RAMP_JUMP_LANDING2
817 			RAMP_JUMP_LANDING3
818 			SEA_FLOATING_FLAIL_1
819 			SEA_FLOATING_DEAD_1
820 			GRAPPLE_STAND_TO_SWING
821 			GRAPPLE_SWING
822 			GRAPPLE_SWING_TO_THROW
823 			GRAPPLE_PULL
824 			GRAPPLE_PULL_TO_STAND
825 			BOARDING_PLANK_PICKUP
826 			BOARDING_PLANK_LIFT
827 			BOARDING_PLANK_DROP
828 			CLIMB_UP_LADDER
829 			CLIMB_DOWN_LADDER
830 			CLIMB_OFF_LADDER_LEFT
831 			CLIMB_OFF_LADDER_RIGHT
832 			CLIMB_OFF_LADDER_SIEGE
833 			CLIMB_OFF_LADDER_WALL
834 			CLIMB_UP_STAIRS
835 			CLIMB_DOWN_STAIRS
836 			CLIMB_UP_ROPE
837 			CLIMB_DOWN_ROPE
838 			CLIMB_ON_ROPE_BOTTOM
839 			CLIMB_OFF_ROPE_TOP
840 			CLIMB_ON_ROPE_TOP
841 			CLIMB_OFF_ROPE_BOTTOM
842 			CLIMB_UP_RIGGING
843 			CLIMB_DOWN_RIGGING
844 			CLIMB_ON_RIGGING_BOTTOM
845 			CLIMB_OFF_RIGGING_TOP
846 			CLIMB_ON_RIGGING_TOP
847 			CLIMB_OFF_RIGGING_BOTTOM
848 			CLIMB_UP_GRAPPLE
849 			CLIMB_DOWN_GRAPPLE
850 			CLIMB_UP_WALL
851 			CLIMB_DOWN_WALL
852 			CLIMB_OFF_WALL_TOP
853 			CLIMB_OFF_DESTROYED_WALL_TOP
854 			CLIMB_OFF_WOOD_WALL_TOP
855 			CLIMB_OFF_DESTROYED_WOOD_WALL_TOP
856 			CLIMB_UP_SHIP_HULL
857 			CLIMB_DOWN_SHIP_HULL
858 			CLIMB_OFF_SHIP_HULL_TOP_1
859 			CLIMB_OFF_SHIP_HULL_TOP_2
860 			GENERAL_SPEECH_1
861 			CELEBRATE_1
862 			CELEBRATE_2
863 			CELEBRATE_3
864 			CELEBRATE_4
865 			TAUNT_1
866 			BASH_SHIELD_1
867 			RAISE_WEAPON_1
868 			LOOPED_ABILITY_1
869 			LOOPED_ABILITY_2
870 			LOOPED_ABILITY_3
871 			LOOPED_ABILITY_1_TO_2
872 			LOOPED_ABILITY_1_TO_3
873 			LOOPED_ABILITY_2_TO_1
874 			LOOPED_ABILITY_2_TO_3
875 			LOOPED_ABILITY_3_TO_1
876 			LOOPED_ABILITY_3_TO_2
877 			MUSICIAN_IDLE_1
878 			MUSICIAN_IDLE_2
879 			MUSICIAN_BEAT_1_TO_IDLE_2
880 			MUSICIAN_BEAT_2_TO_IDLE_1
881 			CAST_SPELL_WARMACHINE_FIRE
882 			CAST_SPELL_WARMACHINE_RELOAD
883 			WAVERING_STAND_LOOK_FORWARD_1
884 			WAVERING_STAND_LOOK_BACK_1
885 			WAVERING_STAND_LOOK_LEFT_1
886 			WAVERING_STAND_LOOK_RIGHT_1
887 			WAVERING_COMBAT_READY_LOOK_FORWARD_1
888 			WAVERING_COMBAT_READY_LOOK_BACK_1
889 			WAVERING_COMBAT_READY_LOOK_LEFT_1
890 			WAVERING_COMBAT_READY_LOOK_RIGHT_1
891 			WAVERING_SHOOT_STAND_LOOK_FORWARD_1
892 			WAVERING_SHOOT_STAND_LOOK_BACK_1
893 			WAVERING_SHOOT_STAND_LOOK_LEFT_1
894 			WAVERING_SHOOT_STAND_LOOK_RIGHT_1
895 			WAVERING_SHOOT_READY_LOOK_FORWARD_1
896 			WAVERING_SHOOT_READY_LOOK_BACK_1
897 			WAVERING_SHOOT_READY_LOOK_LEFT_1
898 			WAVERING_SHOOT_READY_LOOK_RIGHT_1
899 			DAMAGE_SMALL_COMBAT_READY_1
900 			DAMAGE_SMALL_COMBAT_READY_2
901 			DAMAGE_SMALL_COMBAT_READY_3
902 			DAMAGE_SMALL_COMBAT_READY_4
903 			DAMAGE_SMALL_COMBAT_READY_5
904 			DAMAGE_SMALL_COMBAT_READY_6
905 			DAMAGE_SMALL_COMBAT_READY_7
906 			DAMAGE_SMALL_COMBAT_READY_8
907 			DAMAGE_SMALL_SHOOT_STAND_1
908 			DAMAGE_SMALL_SHOOT_STAND_2
909 			DAMAGE_SMALL_SHOOT_STAND_3
910 			DAMAGE_SMALL_SHOOT_STAND_4
911 			DAMAGE_SMALL_SHOOT_STAND_5
912 			DAMAGE_SMALL_SHOOT_STAND_6
913 			DAMAGE_SMALL_SHOOT_STAND_7
914 			DAMAGE_SMALL_SHOOT_STAND_8
915 			DAMAGE_SMALL_SHOOT_READY_1
916 			FLINCH_STAND_LEFT
917 			FLINCH_STAND_RIGHT
918 			FLINCH_STAND_BACK
919 			FLINCH_STAND_FORWARD
920 			FLINCH_CR_LEFT
921 			FLINCH_CR_RIGHT
922 			FLINCH_CR_BACK
923 			FLINCH_CR_FORWARD
924 			STUMBLE_STAND
925 			STUMBLE_CR
926 			STAND_SHIELD_UP
927 			STAND_SHIELD_UP_TO_STAND
928 			STAND_SHIELD_UP_TO_COMBAT_READY
929 			STAND_SHIELD_UP_TO_WALK_SHIELD_UP
930 			WALK_SHIELD_UP_TO_STAND_SHIELD_UP
931 			RUN_SHIELD_UP_TO_STAND_SHIELD_UP
932 			STAND_SHIELD_UP_IDLE_1
933 			STAND_SHIELD_UP_IDLE_2
934 			STAND_SHIELD_UP_IDLE_3
935 			STAND_SHIELD_UP_IDLE_4
936 			WALK_SHIELD_UP_1
937 			WALK_SHIELD_UP_2
938 			WALK_SHIELD_UP_3
939 			WALK_SHIELD_UP_4
940 			WALK_SHIELD_UP_5
941 			RUN_SHIELD_UP_1
942 			RUN_SHIELD_UP_2
943 			RUN_SHIELD_UP_3
944 			RUN_SHIELD_UP_4
945 			RUN_SHIELD_UP_5
946 			WALK_BACKWARD_SHIELD_UP_1
947 			WALK_BACKWARD_SHIELD_UP_2
948 			STEP_FORWARD_SHIELD_UP
949 			STEP_BACKWARD_SHIELD_UP
950 			STEP_LEFT_SHIELD_UP
951 			STEP_RIGHT_SHIELD_UP
952 			STEP_LFOOT_LEFT_SHIELD_UP
953 			STEP_LFOOT_RIGHT_SHIELD_UP
954 			STEP_RFOOT_LEFT_SHIELD_UP
955 			STEP_RFOOT_RIGHT_SHIELD_UP
956 			TURN_LEFT_SHIELD_UP_45
957 			TURN_RIGHT_SHIELD_UP_45
958 			TURN_LEFT_SHIELD_UP_90
959 			TURN_RIGHT_SHIELD_UP_90
960 			TURN_LEFT_SHIELD_UP_180
961 			TURN_RIGHT_SHIELD_UP_180
962 			TURN_LEFT_TO_WALK_SHIELD_UP_45
963 			TURN_RIGHT_TO_WALK_SHIELD_UP_45
964 			TURN_LEFT_TO_WALK_SHIELD_UP_90
965 			TURN_RIGHT_TO_WALK_SHIELD_UP_90
966 			TURN_LEFT_TO_WALK_SHIELD_UP_180
967 			TURN_RIGHT_TO_WALK_SHIELD_UP_180
968 			STAND_SHIELD_FRONT
969 			STAND_SHIELD_FRONT_TO_STAND
970 			STAND_SHIELD_FRONT_TO_COMBAT_READY
971 			STAND_SHIELD_FRONT_TO_WALK_SHIELD_FRONT
972 			WALK_SHIELD_FRONT_TO_STAND_SHIELD_FRONT
973 			RUN_SHIELD_FRONT_TO_STAND_SHIELD_FRONT
974 			STAND_SHIELD_FRONT_IDLE_1
975 			STAND_SHIELD_FRONT_IDLE_2
976 			STAND_SHIELD_FRONT_IDLE_3
977 			STAND_SHIELD_FRONT_IDLE_4
978 			WALK_SHIELD_FRONT_1
979 			WALK_SHIELD_FRONT_2
980 			WALK_SHIELD_FRONT_3
981 			WALK_SHIELD_FRONT_4
982 			WALK_SHIELD_FRONT_5
983 			RUN_SHIELD_FRONT_1
984 			RUN_SHIELD_FRONT_2
985 			RUN_SHIELD_FRONT_3
986 			RUN_SHIELD_FRONT_4
987 			RUN_SHIELD_FRONT_5
988 			WALK_BACKWARD_SHIELD_FRONT_1
989 			WALK_BACKWARD_SHIELD_FRONT_2
990 			STEP_FORWARD_SHIELD_FRONT
991 			STEP_BACKWARD_SHIELD_FRONT
992 			STEP_LEFT_SHIELD_FRONT
993 			STEP_RIGHT_SHIELD_FRONT
994 			STEP_LFOOT_LEFT_SHIELD_FRONT
995 			STEP_LFOOT_RIGHT_SHIELD_FRONT
996 			STEP_RFOOT_LEFT_SHIELD_FRONT
997 			STEP_RFOOT_RIGHT_SHIELD_FRONT
998 			TURN_LEFT_SHIELD_FRONT_45
999 			TURN_RIGHT_SHIELD_FRONT_45
1000			TURN_LEFT_SHIELD_FRONT_90
1001			TURN_RIGHT_SHIELD_FRONT_90
1002			TURN_LEFT_SHIELD_FRONT_180
1003			TURN_RIGHT_SHIELD_FRONT_180
1004			TURN_LEFT_TO_WALK_SHIELD_FRONT_45
1005			TURN_RIGHT_TO_WALK_SHIELD_FRONT_45
1006			TURN_LEFT_TO_WALK_SHIELD_FRONT_90
1007			TURN_RIGHT_TO_WALK_SHIELD_FRONT_90
1008			TURN_LEFT_TO_WALK_SHIELD_FRONT_180
1009			TURN_RIGHT_TO_WALK_SHIELD_FRONT_180
1010			STAND_SHIELD_TOP
1011			STAND_SHIELD_TOP_TO_STAND
1012			STAND_SHIELD_TOP_TO_COMBAT_READY
1013			STAND_SHIELD_TOP_TO_WALK_SHIELD_TOP
1014			WALK_SHIELD_TOP_TO_STAND_SHIELD_TOP
1015			RUN_SHIELD_TOP_TO_STAND_SHIELD_TOP
1016			STAND_SHIELD_TOP_IDLE_1
1017			STAND_SHIELD_TOP_IDLE_2
1018			STAND_SHIELD_TOP_IDLE_3
1019			STAND_SHIELD_TOP_IDLE_4
1020			WALK_SHIELD_TOP_1
1021			WALK_SHIELD_TOP_2
1022			WALK_SHIELD_TOP_3
1023			WALK_SHIELD_TOP_4
1024			WALK_SHIELD_TOP_5
1025			RUN_SHIELD_TOP_1
1026			RUN_SHIELD_TOP_2
1027			RUN_SHIELD_TOP_3
1028			RUN_SHIELD_TOP_4
1029			RUN_SHIELD_TOP_5
1030			WALK_BACKWARD_SHIELD_TOP_1
1031			WALK_BACKWARD_SHIELD_TOP_2
1032			STEP_FORWARD_SHIELD_TOP
1033			STEP_BACKWARD_SHIELD_TOP
1034			STEP_LEFT_SHIELD_TOP
1035			STEP_RIGHT_SHIELD_TOP
1036			STEP_LFOOT_LEFT_SHIELD_TOP
1037			STEP_LFOOT_RIGHT_SHIELD_TOP
1038			STEP_RFOOT_LEFT_SHIELD_TOP
1039			STEP_RFOOT_RIGHT_SHIELD_TOP
1040			TURN_LEFT_SHIELD_TOP_45
1041			TURN_RIGHT_SHIELD_TOP_45
1042			TURN_LEFT_SHIELD_TOP_90
1043			TURN_RIGHT_SHIELD_TOP_90
1044			TURN_LEFT_SHIELD_TOP_180
1045			TURN_RIGHT_SHIELD_TOP_180
1046			TURN_LEFT_TO_WALK_SHIELD_TOP_45
1047			TURN_RIGHT_TO_WALK_SHIELD_TOP_45
1048			TURN_LEFT_TO_WALK_SHIELD_TOP_90
1049			TURN_RIGHT_TO_WALK_SHIELD_TOP_90
1050			TURN_LEFT_TO_WALK_SHIELD_TOP_180
1051			TURN_RIGHT_TO_WALK_SHIELD_TOP_180
1052			PIKE_HIGH_READY
1053			PIKE_HIGH_WALK_1
1054			PIKE_HIGH_WALK_2
1055			PIKE_HIGH_WALK_3
1056			PIKE_HIGH_RUN
1057			PIKE_HIGH_FORWARDS
1058			PIKE_HIGH_BACKWARDS
1059			PIKE_HIGH_LEFT
1060			PIKE_HIGH_RIGHT
1061			PIKE_HIGH_LEFT_45
1062			PIKE_HIGH_RIGHT_45
1063			PIKE_HIGH_TO_STAND
1064			STAND_TO_PIKE_HIGH
1065			PIKE_HIGH_TO_SHOOT_STAND
1066			SHOOT_STAND_TO_PIKE_HIGH
1067			PIKE_HIGH_TO_COMBAT_READY
1068			COMBAT_READY_TO_PIKE_HIGH
1069			PIKE_HIGH_ATTACK_1
1070			PIKE_DEEP_READY
1071			PIKE_DEEP_WALK_1
1072			PIKE_DEEP_WALK_2
1073			PIKE_DEEP_WALK_3
1074			PIKE_DEEP_RUN
1075			PIKE_DEEP_FORWARDS
1076			PIKE_DEEP_BACKWARDS
1077			PIKE_DEEP_LEFT
1078			PIKE_DEEP_RIGHT
1079			PIKE_DEEP_LEFT_45
1080			PIKE_DEEP_RIGHT_45
1081			PIKE_DEEP_TO_STAND
1082			STAND_TO_PIKE_DEEP
1083			PIKE_DEEP_TO_SHOOT_STAND
1084			SHOOT_STAND_TO_PIKE_DEEP
1085			PIKE_DEEP_TO_COMBAT_READY
1086			COMBAT_READY_TO_PIKE_DEEP
1087			PIKE_DEEP_ATTACK_1
1088			PIKE_FRONT_READY
1089			PIKE_FRONT_WALK_1
1090			PIKE_FRONT_WALK_2
1091			PIKE_FRONT_WALK_3
1092			PIKE_FRONT_RUN
1093			PIKE_FRONT_FORWARDS
1094			PIKE_FRONT_BACKWARDS
1095			PIKE_FRONT_LEFT
1096			PIKE_FRONT_RIGHT
1097			PIKE_FRONT_LEFT_45
1098			PIKE_FRONT_RIGHT_45
1099			PIKE_FRONT_TO_STAND
1100			STAND_TO_PIKE_FRONT
1101			PIKE_FRONT_TO_SHOOT_STAND
1102			SHOOT_STAND_TO_PIKE_FRONT
1103			PIKE_FRONT_TO_COMBAT_READY
1104			COMBAT_READY_TO_PIKE_FRONT
1105			PIKE_FRONT_ATTACK_1
1106			SHOOT_STAND
1107			SHOOT_STAND_TO_SHOOT_WALK
1108			SHOOT_WALK_TO_SHOOT_STAND
1109			SHOOT_RUN_TO_SHOOT_STAND
1110			SHOOT_STAND_IDLE_1
1111			SHOOT_STAND_IDLE_2
1112			SHOOT_STAND_IDLE_3
1113			SHOOT_STAND_IDLE_4
1114			SHOOT_STAND_IDLE_5
1115			SHOOT_STAND_IDLE_6
1116			SHOOT_READY
1117			SHOOT_READY_KNEEL
1118			SHOOT_READY_IDLE_1
1119			SHOOT_READY_IDLE_2
1120			SHOOT_READY_IDLE_3
1121			SHOOT_READY_IDLE_4
1122			STAND_TO_SHOOT_STAND
1123			SHOOT_STAND_TO_STAND
1124			SHOOT_STAND_TO_COMBAT_READY
1125			COMBAT_READY_TO_SHOOT_STAND
1126			SHOOT_READY_TO_SHOOT_STAND
1127			SHOOT_STAND_TO_SHOOT_READY
1128			SHOOT_READY_TO_COMBAT_READY
1129			COMBAT_READY_TO_SHOOT_READY
1130			SHOOT_READY_TO_SHOOT_READY_KNEEL
1131			SHOOT_READY_KNEEL_TO_SHOOT_READY
1132			SHOOT_WALK_1
1133			SHOOT_WALK_2
1134			SHOOT_WALK_3
1135			SHOOT_WALK_4
1136			SHOOT_WALK_5
1137			SHOOT_RUN_1
1138			SHOOT_RUN_2
1139			SHOOT_RUN_3
1140			SHOOT_RUN_4
1141			SHOOT_RUN_5
1142			SHOOT_WALK_BACKWARD_1
1143			SHOOT_WALK_BACKWARD_2
1144			SHOOT_STEP_FORWARD
1145			SHOOT_STEP_BACK
1146			SHOOT_STEP_LEFT
1147			SHOOT_STEP_RIGHT
1148			SHOOT_STEP_LFOOT_LEFT
1149			SHOOT_STEP_LFOOT_RIGHT
1150			SHOOT_STEP_RFOOT_LEFT
1151			SHOOT_STEP_RFOOT_RIGHT
1152			SHOOT_TURN_LEFT_45
1153			SHOOT_TURN_RIGHT_45
1154			SHOOT_TURN_LEFT_90
1155			SHOOT_TURN_RIGHT_90
1156			SHOOT_TURN_LEFT_180
1157			SHOOT_TURN_RIGHT_180
1158			SHOOT_TURN_LEFT_TO_WALK_45
1159			SHOOT_TURN_RIGHT_TO_WALK_45
1160			SHOOT_TURN_LEFT_TO_WALK_90
1161			SHOOT_TURN_RIGHT_TO_WALK_90
1162			SHOOT_TURN_LEFT_TO_WALK_180
1163			SHOOT_TURN_RIGHT_TO_WALK_180
1164			SHOOT_READY_WALK_BACKWARD_1
1165			SHOOT_READY_WALK_BACKWARD_2
1166			SHOOT_READY_STEP_FORWARD
1167			SHOOT_READY_STEP_BACK
1168			SHOOT_READY_STEP_LEFT
1169			SHOOT_READY_STEP_RIGHT
1170			SHOOT_READY_STEP_LFOOT_LEFT
1171			SHOOT_READY_STEP_LFOOT_RIGHT
1172			SHOOT_READY_STEP_RFOOT_LEFT
1173			SHOOT_READY_STEP_RFOOT_RIGHT
1174			SHOOT_READY_TURN_LEFT_45
1175			SHOOT_READY_TURN_RIGHT_45
1176			SHOOT_READY_TURN_LEFT_90
1177			SHOOT_READY_TURN_RIGHT_90
1178			SHOOT_READY_TURN_LEFT_180
1179			SHOOT_READY_TURN_RIGHT_180
1180			SHOOT_SNEAK
1181			SHOOT_CROUCH
1182			SHOOT_CROUCH_STEP_FORWARD
1183			SHOOT_CROUCH_STEP_BACKWARD
1184			SHOOT_CROUCH_STEP_LEFT
1185			SHOOT_CROUCH_STEP_RIGHT
1186			SHOOT_CROUCH_TURN_LEFT_45
1187			SHOOT_CROUCH_TURN_RIGHT_45
1188			SHOOT_CROUCH_TURN_LEFT_90
1189			SHOOT_CROUCH_TURN_RIGHT_90
1190			SHOOT_CROUCH_TURN_LEFT_180
1191			SHOOT_CROUCH_TURN_RIGHT_180
1192			SHOOT_CROUCH_TURN_LEFT_TO_SHOOT_SNEAK_45
1193			SHOOT_CROUCH_TURN_RIGHT_TO_SHOOT_SNEAK_45
1194			SHOOT_CROUCH_TURN_LEFT_TO_SHOOT_SNEAK_90
1195			SHOOT_CROUCH_TURN_RIGHT_TO_SHOOT_SNEAK_90
1196			SHOOT_CROUCH_TURN_LEFT_TO_SHOOT_SNEAK_180
1197			SHOOT_CROUCH_TURN_RIGHT_TO_SHOOT_SNEAK_180
1198			SHOOT_CROUCH_TO_SHOOT_STAND
1199			SHOOT_STAND_TO_SHOOT_CROUCH
1200			SHOOT_CROUCH_TO_SHOOT_SNEAK
1201			SHOOT_SNEAK_TO_SHOOT_CROUCH
1202			SHOOT_CROUCH_TO_SHOOT_READY
1203			SHOOT_READY_TO_SHOOT_CROUCH
1204			SHOOT_CROUCH_TO_COMBAT_READY
1205			COMBAT_READY_TO_SHOOT_CROUCH
1206			SHOOT_CROUCH_IDLE_1
1207			SHOOT_CROUCH_IDLE_2
1208			SHOOT_CROUCH_IDLE_3
1209			SHOOT_CROUCH_IDLE_4
1210			AIM_LOW
1211			AIM_LEVEL
1212			AIM_HIGH
1213			AIM_LOW_TO_SHOOT_READY
1214			AIM_LEVEL_TO_SHOOT_READY
1215			AIM_HIGH_TO_SHOOT_READY
1216			SHOOT_READY_TO_AIM_LOW
1217			SHOOT_READY_TO_AIM_LEVEL
1218			SHOOT_READY_TO_AIM_HIGH
1219			FIRE_LOW
1220			FIRE_LEVEL
1221			FIRE_HIGH
1222			MISFIRE
1223			RELOAD_1
1224			RELOAD_2
1225			RELOAD_TO_SHOOT_READY
1226			SHOOT_READY_TO_RELOAD_1
1227			SHOOT_READY_TO_RELOAD_2
1228			MOVING_FIRE_FORWARD_LOW
1229			MOVING_FIRE_FORWARD_LEVEL
1230			MOVING_FIRE_FORWARD_HIGH
1231			MOVING_FIRE_LEFT_LEVEL
1232			MOVING_FIRE_RIGHT_LEVEL
1233			MOVING_FIRE_BACKWARD_LEVEL
1234			THROW_PILUM
1235			CRENEL_LEFT_OUTER_AIM
1236			CRENEL_LEFT_OUTER_AIM_TO_SHOOT_READY
1237			SHOOT_READY_TO_CRENEL_LEFT_OUTER_AIM
1238			CRENEL_LEFT_OUTER_FIRE
1239			CRENEL_LEFT_INNER_AIM
1240			CRENEL_LEFT_INNER_AIM_TO_SHOOT_READY
1241			SHOOT_READY_TO_CRENEL_LEFT_INNER_AIM
1242			CRENEL_LEFT_INNER_FIRE
1243			CRENEL_RIGHT_OUTER_AIM
1244			CRENEL_RIGHT_OUTER_AIM_TO_SHOOT_READY
1245			SHOOT_READY_TO_CRENEL_RIGHT_OUTER_AIM
1246			CRENEL_RIGHT_OUTER_FIRE
1247			CRENEL_RIGHT_INNER_AIM
1248			CRENEL_RIGHT_INNER_AIM_TO_SHOOT_READY
1249			SHOOT_READY_TO_CRENEL_RIGHT_INNER_AIM
1250			CRENEL_RIGHT_INNER_FIRE
1251			KNEEL_AIM
1252			KNEEL_FIRE
1253			KNEEL_MISFIRE
1254			KNEEL_RELOAD
1255			KNEEL_AIM_TO_SHOOT_READY_KNEEL
1256			SHOOT_READY_KNEEL_TO_KNEEL_AIM
1257			KNEEL_RELOAD_TO_SHOOT_READY_KNEEL
1258			SHOOT_READY_KNEEL_TO_KNEEL_RELOAD
1259			ENGINE_CREW_LOADING_IDLE_1
1260			ENGINE_CREW_LOADING_IDLE_2
1261			ENGINE_CREW_LOADING_IDLE_3
1262			ENGINE_CREW_LOADING_1
1263			ENGINE_CREW_LOADING_2
1264			ENGINE_CREW_LOADING_3
1265			ENGINE_CREW_FIRING_IDLE_1
1266			ENGINE_CREW_FIRING_IDLE_2
1267			ENGINE_CREW_FIRING_IDLE_3
1268			ENGINE_CREW_FIRING_1
1269			ENGINE_CREW_FIRING_2
1270			ENGINE_CREW_FIRING_3
1271			PUSH_ENGINE_READY_1
1272			PUSH_ENGINE_READY_2
1273			PUSH_ENGINE_READY_3
1274			PUSH_ENGINE_FORWARDS_1
1275			PUSH_ENGINE_FORWARDS_2
1276			PUSH_ENGINE_FORWARDS_3
1277			PUSH_ENGINE_BACKWARDS_1
1278			PUSH_ENGINE_BACKWARDS_2
1279			PUSH_ENGINE_BACKWARDS_3
1280			PUSH_ENGINE_STEP_LEFT_1
1281			PUSH_ENGINE_STEP_LEFT_2
1282			PUSH_ENGINE_STEP_LEFT_3
1283			PUSH_ENGINE_STEP_RIGHT_1
1284			PUSH_ENGINE_STEP_RIGHT_2
1285			PUSH_ENGINE_STEP_RIGHT_3
1286			PUSH_ENGINE_TO_STAND_NO_WEAPON_1
1287			PUSH_ENGINE_TO_STAND_NO_WEAPON_2
1288			PUSH_ENGINE_TO_STAND_NO_WEAPON_3
1289			STAND_NO_WEAPON_TO_PUSH_ENGINE_1
1290			STAND_NO_WEAPON_TO_PUSH_ENGINE_2
1291			STAND_NO_WEAPON_TO_PUSH_ENGINE_3
1292			ENGINE_CREW_LOADING_IDLE_TO_PUSH_1
1293			ENGINE_CREW_LOADING_IDLE_TO_PUSH_2
1294			ENGINE_CREW_LOADING_IDLE_TO_PUSH_3
1295			PUSH_TO_ENGINE_CREW_LOADING_IDLE_1
1296			PUSH_TO_ENGINE_CREW_LOADING_IDLE_2
1297			PUSH_TO_ENGINE_CREW_LOADING_IDLE_3
1298			ENGINE_CREW_FIRING_IDLE_TO_PUSH_1
1299			ENGINE_CREW_FIRING_IDLE_TO_PUSH_2
1300			ENGINE_CREW_FIRING_IDLE_TO_PUSH_3
1301			PUSH_TO_ENGINE_CREW_FIRING_IDLE_1
1302			PUSH_TO_ENGINE_CREW_FIRING_IDLE_2
1303			PUSH_TO_ENGINE_CREW_FIRING_IDLE_3
1304			ENGINE_CREW_LOADING_IDLE_TO_STAND_1
1305			ENGINE_CREW_LOADING_IDLE_TO_STAND_2
1306			ENGINE_CREW_LOADING_IDLE_TO_STAND_3
1307			STAND_TO_ENGINE_CREW_LOADING_IDLE_1
1308			STAND_TO_ENGINE_CREW_LOADING_IDLE_2
1309			STAND_TO_ENGINE_CREW_LOADING_IDLE_3
1310			ENGINE_CREW_FIRING_IDLE_TO_STAND_1
1311			ENGINE_CREW_FIRING_IDLE_TO_STAND_2
1312			ENGINE_CREW_FIRING_IDLE_TO_STAND_3
1313			STAND_TO_ENGINE_CREW_FIRING_IDLE_1
1314			STAND_TO_ENGINE_CREW_FIRING_IDLE_2
1315			STAND_TO_ENGINE_CREW_FIRING_IDLE_3
1316			COVER_EARS_L
1317			COVER_EARS_R
1318			COVER_EARS_S
1319			RIDER_REFUSE_1
1320			RIDER_REFUSE_2
1321			RIDER_REFUSE_3
1322			RIDER_REFUSE_4
1323			RIDER_REFUSE_CAN_THROW_RIDER_1
1324			RIDER_SKID_STOP_1
1325			RIDER_SKID_STOP_2
1326			RIDER_SKID_STOP_3
1327			RIDER_STAND
1328			RIDER_STAND_TO_WALK
1329			RIDER_WALK_1
1330			RIDER_WALK_2
1331			RIDER_WALK_3
1332			RIDER_WALK_4
1333			RIDER_WALK_5
1334			RIDER_WALK_TO_STAND
1335			RIDER_RUN_1
1336			RIDER_RUN_2
1337			RIDER_RUN_3
1338			RIDER_RUN_4
1339			RIDER_RUN_5
1340			RIDER_RUN_TO_STAND
1341			RIDER_WALK_JUMP
1342			RIDER_RUN_JUMP
1343			RIDER_CHARGE
1344			RIDER_CHARGE_2
1345			RIDER_CHARGE_3
1346			RIDER_CHARGE_TO_STAND
1347			RIDER_CHARGE_BERSERK
1348			RIDER_CHARGE_BERSERK_2
1349			RIDER_CHARGE_BERSERK_3
1350			RIDER_CHARGE_BERSERK_TO_STAND
1351			RIDER_WALK_BACKWARD_1
1352			RIDER_WALK_BACKWARD_2
1353			RIDER_STEP_FORWARD
1354			RIDER_STEP_BACKWARD
1355			RIDER_STEP_LEFT
1356			RIDER_STEP_RIGHT
1357			RIDER_TURN_LEFT_45
1358			RIDER_TURN_RIGHT_45
1359			RIDER_TURN_LEFT_90
1360			RIDER_TURN_RIGHT_90
1361			RIDER_TURN_LEFT_180
1362			RIDER_TURN_RIGHT_180
1363			RIDER_TURN_LEFT_TO_WALK_45
1364			RIDER_TURN_RIGHT_TO_WALK_45
1365			RIDER_TURN_LEFT_TO_WALK_90
1366			RIDER_TURN_RIGHT_TO_WALK_90
1367			RIDER_TURN_LEFT_TO_WALK_180
1368			RIDER_TURN_RIGHT_TO_WALK_180
1369			RIDER_COMBAT_READY
1370			RIDER_STAND_TO_RIDER_COMBAT_READY
1371			RIDER_COMBAT_READY_TO_RIDER_STAND
1372			RIDER_COMBAT_READY_MOVE_1
1373			RIDER_COMBAT_READY_MOVE_2
1374			RIDER_COMBAT_READY_MOVE_3
1375			RIDER_COMBAT_READY_MOVE_4
1376			RIDER_COMBAT_READY_MOVE_5
1377			RIDER_COMBAT_READY_WALK_BACKWARD_1
1378			RIDER_COMBAT_READY_WALK_BACKWARD_2
1379			RIDER_COMBAT_READY_STEP_FORWARD
1380			RIDER_COMBAT_READY_STEP_BACK
1381			RIDER_COMBAT_READY_STEP_LEFT
1382			RIDER_COMBAT_READY_STEP_RIGHT
1383			RIDER_COMBAT_READY_TURN_LEFT_45
1384			RIDER_COMBAT_READY_TURN_RIGHT_45
1385			RIDER_COMBAT_READY_TURN_LEFT_90
1386			RIDER_COMBAT_READY_TURN_RIGHT_90
1387			RIDER_COMBAT_READY_TURN_LEFT_180
1388			RIDER_COMBAT_READY_TURN_RIGHT_180
1389			RIDER_SHOOT_STAND
1390			RIDER_SHOOT_STAND_TO_RIDER_STAND
1391			RIDER_STAND_TO_RIDER_SHOOT_STAND
1392			RIDER_SHOOT_STAND_TO_RIDER_SHOOT_READY
1393			RIDER_SHOOT_READY_TO_RIDER_SHOOT_STAND
1394			RIDER_SHOOT_STAND_TO_RIDER_COMBAT_READY
1395			RIDER_COMBAT_READY_TO_RIDER_SHOOT_STAND
1396			RIDER_FLY_STAND
1397			RIDER_FLY_IDLE_1
1398			RIDER_FLY_WALK_1
1399			RIDER_FLY_WALK_2
1400			RIDER_FLY_WALK_3
1401			RIDER_FLY_WALK_4
1402			RIDER_FLY_WALK_5
1403			RIDER_FLY_STEP_FORWARD
1404			RIDER_FLY_STEP_BACKWARD
1405			RIDER_FLY_STEP_LEFT
1406			RIDER_FLY_STEP_RIGHT
1407			RIDER_FLY_CHARGE_AIR_TO_AIR
1408			RIDER_FLY_CHARGE_AIR_TO_GROUND
1409			RIDER_FLY_CHARGE_LAND
1410			RIDER_FLY_TAKEOFF
1411			RIDER_FLY_COMBAT_READY
1412			RIDER_FLY_COMBAT_READY_MOVE_1
1413			RIDER_FLY_COMBAT_READY_MOVE_2
1414			RIDER_FLY_COMBAT_READY_MOVE_3
1415			RIDER_FLY_COMBAT_READY_MOVE_4
1416			RIDER_FLY_COMBAT_READY_MOVE_5
1417			RIDER_FLY_COMBAT_IDLE_1
1418			RIDER_COMBAT_IDLE_1
1419			RIDER_COMBAT_IDLE_2
1420			RIDER_COMBAT_IDLE_3
1421			RIDER_COMBAT_IDLE_4
1422			RIDER_COMBAT_IDLE_5
1423			RIDER_COMBAT_IDLE_6
1424			RIDER_COMBAT_IDLE_7
1425			RIDER_COMBAT_IDLE_8
1426			RIDER_COMBAT_IDLE_9
1427			RIDER_COMBAT_IDLE_10
1428			RIDER_COMBAT_IDLE_11
1429			RIDER_BERSERK_IDLE_1
1430			RIDER_ATTACK_1
1431			RIDER_ATTACK_2
1432			RIDER_ATTACK_3
1433			RIDER_ATTACK_4
1434			RIDER_ATTACK_LOW_1
1435			RIDER_ATTACK_LOW_2
1436			RIDER_ATTACK_LOW_3
1437			RIDER_ATTACK_LOW_4
1438			RIDER_ATTACK_LOW_5
1439			RIDER_ATTACK_LOW_6
1440			RIDER_ATTACK_LOW_7
1441			RIDER_ATTACK_LOW_8
1442			RIDER_ATTACK_LOW_9
1443			RIDER_ATTACK_LOW_10
1444			RIDER_ATTACK_HIGH_1
1445			RIDER_ATTACK_HIGH_2
1446			RIDER_ATTACK_HIGH_3
1447			RIDER_ATTACK_HIGH_4
1448			RIDER_ATTACK_HIGH_5
1449			RIDER_ATTACK_HIGH_6
1450			RIDER_ATTACK_HIGH_7
1451			RIDER_ATTACK_HIGH_8
1452			RIDER_ATTACK_HIGH_9
1453			RIDER_ATTACK_HIGH_10
1454			RIDER_ATTACK_FAILED_1
1455			RIDER_ATTACK_FAILED_2
1456			RIDER_ATTACK_FAILED_3
1457			RIDER_ATTACK_FAILED_4
1458			RIDER_ATTACK_FAILED_LOW_1
1459			RIDER_ATTACK_FAILED_LOW_2
1460			RIDER_ATTACK_FAILED_LOW_3
1461			RIDER_ATTACK_FAILED_LOW_4
1462			RIDER_ATTACK_FAILED_LOW_5
1463			RIDER_ATTACK_FAILED_LOW_6
1464			RIDER_ATTACK_FAILED_LOW_7
1465			RIDER_ATTACK_FAILED_LOW_8
1466			RIDER_ATTACK_FAILED_LOW_9
1467			RIDER_ATTACK_FAILED_LOW_10
1468			RIDER_ATTACK_FAILED_HIGH_1
1469			RIDER_ATTACK_FAILED_HIGH_2
1470			RIDER_ATTACK_FAILED_HIGH_3
1471			RIDER_ATTACK_FAILED_HIGH_4
1472			RIDER_ATTACK_FAILED_HIGH_5
1473			RIDER_ATTACK_FAILED_HIGH_6
1474			RIDER_ATTACK_FAILED_HIGH_7
1475			RIDER_ATTACK_FAILED_HIGH_8
1476			RIDER_ATTACK_FAILED_HIGH_9
1477			RIDER_ATTACK_FAILED_HIGH_10
1478			RIDER_DAMAGE_BIG_1
1479			RIDER_DAMAGE_BIG_2
1480			RIDER_DAMAGE_BIG_SHOOT_1
1481			RIDER_DAMAGE_BIG_SHOOT_2
1482			RIDER_DAMAGE_BIG_SPLICED_1
1483			RIDER_DAMAGE_BIG_SPLICED_2
1484			RIDER_DAMAGE_BIG_SPLICED_3
1485			RIDER_DAMAGE_BIG_SPLICED_4
1486			RIDER_DAMAGE_BIG_SHOOT_SPLICED_1
1487			RIDER_DAMAGE_BIG_SHOOT_SPLICED_2
1488			RIDER_DAMAGE_BIG_SHOOT_SPLICED_3
1489			RIDER_DAMAGE_BIG_SHOOT_SPLICED_4
1490			RIDER_BLOCK_1
1491			RIDER_BLOCK_2
1492			RIDER_BLOCK_3
1493			RIDER_BLOCK_4
1494			RIDER_BLOCK_5
1495			RIDER_BLOCK_6
1496			RIDER_BLOCK_LOW_1
1497			RIDER_BLOCK_LOW_2
1498			RIDER_BLOCK_LOW_3
1499			RIDER_BLOCK_LOW_4
1500			RIDER_BLOCK_LOW_5
1501			RIDER_BLOCK_LOW_6
1502			RIDER_BLOCK_LOW_7
1503			RIDER_MOVING_ATTACK_1
1504			RIDER_MOVING_ATTACK_2
1505			RIDER_MOVING_ATTACK_3
1506			RIDER_MOVING_ATTACK_4
1507			RIDER_MOVING_ATTACK_5
1508			RIDER_MOVING_ATTACK_6
1509			RIDER_MOVING_ATTACK_7
1510			RIDER_MOVING_ATTACK_8
1511			RIDER_MOVING_ATTACK_9
1512			RIDER_MOVING_ATTACK_10
1513			RIDER_MOVING_ATTACK_11
1514			RIDER_MOVING_ATTACK_LOW_1
1515			RIDER_MOVING_ATTACK_LOW_2
1516			RIDER_MOVING_ATTACK_LOW_3
1517			RIDER_MOVING_ATTACK_LOW_4
1518			RIDER_MOVING_ATTACK_LOW_5
1519			RIDER_MOVING_ATTACK_LOW_6
1520			RIDER_MOVING_ATTACK_LOW_7
1521			RIDER_MOVING_ATTACK_LOW_8
1522			RIDER_MOVING_ATTACK_LOW_9
1523			RIDER_MOVING_ATTACK_LOW_10
1524			RIDER_MOVING_ATTACK_LOW_11
1525			RIDER_MOVING_ATTACK_HIGH_1
1526			RIDER_MOVING_ATTACK_HIGH_2
1527			RIDER_MOVING_ATTACK_HIGH_3
1528			RIDER_MOVING_ATTACK_HIGH_4
1529			RIDER_MOVING_ATTACK_HIGH_5
1530			RIDER_MOVING_ATTACK_FAILED_1
1531			RIDER_MOVING_ATTACK_FAILED_2
1532			RIDER_MOVING_ATTACK_FAILED_3
1533			RIDER_MOVING_ATTACK_FAILED_4
1534			RIDER_MOVING_ATTACK_FAILED_5
1535			RIDER_MOVING_ATTACK_FAILED_6
1536			RIDER_MOVING_ATTACK_FAILED_7
1537			RIDER_MOVING_ATTACK_FAILED_8
1538			RIDER_MOVING_ATTACK_FAILED_9
1539			RIDER_MOVING_ATTACK_FAILED_10
1540			RIDER_MOVING_ATTACK_FAILED_11
1541			RIDER_MOVING_ATTACK_FAILED_LOW_1
1542			RIDER_MOVING_ATTACK_FAILED_LOW_2
1543			RIDER_MOVING_ATTACK_FAILED_LOW_3
1544			RIDER_MOVING_ATTACK_FAILED_LOW_4
1545			RIDER_MOVING_ATTACK_FAILED_LOW_5
1546			RIDER_MOVING_ATTACK_FAILED_LOW_6
1547			RIDER_MOVING_ATTACK_FAILED_LOW_7
1548			RIDER_MOVING_ATTACK_FAILED_LOW_8
1549			RIDER_MOVING_ATTACK_FAILED_LOW_9
1550			RIDER_MOVING_ATTACK_FAILED_LOW_10
1551			RIDER_MOVING_ATTACK_FAILED_LOW_11
1552			RIDER_CHARGE_ATTACK_1
1553			RIDER_CHARGE_ATTACK_2
1554			RIDER_CHARGE_ATTACK_LOW_1
1555			RIDER_CHARGE_ATTACK_FAILED_1
1556			RIDER_CHARGE_ATTACK_FAILED_2
1557			RIDER_CHARGE_ATTACK_FAILED_LOW_1
1558			RIDER_JUMPING_ATTACK_1
1559			RIDER_JUMPING_ATTACK_2
1560			RIDER_JUMPING_ATTACK_3
1561			RIDER_FLY_ATTACK_1
1562			RIDER_FLY_DAMAGE_BIG_1
1563			RIDER_FATIGUED
1564			RIDER_INJURED
1565			RIDER_WADING
1566			RIDER_STAND_IDLE_1
1567			RIDER_STAND_IDLE_2
1568			RIDER_STAND_IDLE_3
1569			RIDER_STAND_IDLE_4
1570			RIDER_STAND_IDLE_5
1571			RIDER_STAND_IDLE_6
1572			RIDER_STAND_IDLE_7
1573			RIDER_STAND_IDLE_8
1574			RIDER_STAND_IDLE_9
1575			RIDER_STAND_IDLE_10
1576			RIDER_DEATH_STAND_1
1577			RIDER_DEATH_STAND_2
1578			RIDER_DEATH_STAND_3
1579			RIDER_DEATH_STAND_4
1580			RIDER_DEATH_STAND_5
1581			RIDER_DEATH_WALK_1
1582			RIDER_DEATH_WALK_2
1583			RIDER_DEATH_WALK_3
1584			RIDER_DEATH_WALK_4
1585			RIDER_DEATH_RUN_1
1586			RIDER_DEATH_RUN_2
1587			RIDER_DEATH_RUN_3
1588			RIDER_DEATH_CHARGE_1
1589			RIDER_DEATH_CHARGE_2
1590			RIDER_DEATH_CHARGE_3
1591			RIDER_DEATH_CHARGE_4
1592			RIDER_DEATH_CHARGE_5
1593			RIDER_DEATH_JUMP_1
1594			RIDER_DEATH_MOVING_1
1595			RIDER_DEATH_BURNING_STAND_1
1596			RIDER_DEATH_BURNING_MOVING_1
1597			RIDER_DEATH_POISON_STAND_1
1598			RIDER_DEATH_POISON_MOVING_1
1599			RIDER_DEATH_ATTACHED_TRANSITION_1
1600			RIDER_DEATH_ATTACHED_STATIONARY_1
1601			RIDER_DEATH_ATTACHED_MOVING_1
1602			RIDER_DEATH_KILL_ELEPHANT
1603			RIDER_MOUNT_LEFT
1604			RIDER_MOUNT_RIGHT
1605			RIDER_DISMOUNT_LEFT
1606			RIDER_DISMOUNT_RIGHT
1607			RIDER_SHOOT_READY
1608			RIDER_RELOAD
1609			RIDER_SHOOT_READY_TO_RIDER_STAND
1610			RIDER_STAND_TO_RIDER_SHOOT_READY
1611			RIDER_SHOOT_READY_TO_RIDER_COMBAT_READY
1612			RIDER_COMBAT_READY_TO_RIDER_SHOOT_READY
1613			RIDER_SHOOT_READY_TO_RIDER_RELOAD
1614			RIDER_RELOAD_TO_RIDER_SHOOT_READY
1615			RIDER_FIRE_FORWARD_LOW
1616			RIDER_FIRE_FORWARD_LEVEL
1617			RIDER_FIRE_FORWARD_HIGH
1618			RIDER_FIRE_LEFT_LOW
1619			RIDER_FIRE_LEFT_LEVEL
1620			RIDER_FIRE_LEFT_HIGH
1621			RIDER_FIRE_RIGHT_LOW
1622			RIDER_FIRE_RIGHT_LEVEL
1623			RIDER_FIRE_RIGHT_HIGH
1624			RIDER_FIRE_BACK_LOW
1625			RIDER_FIRE_BACK_LEVEL
1626			RIDER_FIRE_BACK_HIGH
1627			RIDER_FIRE_FORWARD_LEVEL_INTO
1628			RIDER_FIRE_FORWARD_LEVEL_OUT
1629			RIDER_FIRE_LEFT_LEVEL_INTO
1630			RIDER_FIRE_LEFT_LEVEL_OUT
1631			RIDER_FIRE_RIGHT_LEVEL_INTO
1632			RIDER_FIRE_RIGHT_LEVEL_OUT
1633			RIDER_FIRE_BACK_LEVEL_INTO
1634			RIDER_FIRE_BACK_LEVEL_OUT
1635			RIDER_THROW_PILUM
1636			RIDER_SHIELD_UP
1637			RIDER_SHIELD_UP_TO_RIDER_STAND
1638			RIDER_STAND_TO_RIDER_SHIELD_UP
1639			RIDER_TESTUDO_SHIELD_UP
1640			RIDER_TESTUDO_SHIELD_UP_TO_RIDER_TESTUDO
1641			RIDER_TESTUDO_TO_RIDER_TESTUDO_SHIELD_UP
1642			RIDER_TESTUDO
1643			RIDER_TESTUDO_TO_RIDER_STAND
1644			RIDER_STAND_TO_RIDER_TESTUDO
1645			RIDER_TESTUDO_IDLE_1
1646			RIDER_KNOCKBACK_1
1647			RIDER_KNOCKBACK_2
1648			RIDER_KNOCKBACK_3
1649			RIDER_KNOCKBACK_4
1650			RIDER_KNOCKBACK_5
1651			RIDER_KNOCKBACK_6
1652			RIDER_SHOOT_KNOCKBACK_1
1653			RIDER_SHOOT_KNOCKBACK_2
1654			RIDER_SHOOT_KNOCKBACK_3
1655			RIDER_SHOOT_KNOCKBACK_4
1656			RIDER_GENERAL_SPEECH_1
1657			RIDER_CELEBRATE_1
1658			RIDER_CELEBRATE_2
1659			RIDER_TAUNT_1
1660			RIDER_BASH_SHIELD_1
1661			RIDER_RAISE_WEAPON_1
1662			WAVERING_RIDER_STAND_LOOK_FORWARD_1
1663			WAVERING_RIDER_STAND_LOOK_BACK_1
1664			WAVERING_RIDER_STAND_LOOK_LEFT_1
1665			WAVERING_RIDER_STAND_LOOK_RIGHT_1
1666			WAVERING_RIDER_SHOOT_LOOK_FORWARD_1
1667			WAVERING_RIDER_SHOOT_LOOK_BACK_1
1668			WAVERING_RIDER_SHOOT_LOOK_LEFT_1
1669			WAVERING_RIDER_SHOOT_LOOK_RIGHT_1
1670			RIDER_DAMAGE_SMALL_1
1671			RIDER_DAMAGE_SMALL_2
1672			RIDER_DAMAGE_SMALL_3
1673			RIDER_DAMAGE_SMALL_4
1674			RIDER_DAMAGE_SMALL_SHOOT_1
1675			RIDER_DAMAGE_SMALL_SHOOT_2
1676			RIDER_DAMAGE_SMALL_SHOOT_3
1677			RIDER_DAMAGE_SMALL_SHOOT_4
1678			RIDER_RUN_TO_CHARGE
1679			RIDER_RUN_TO_CHARGE_BERSERK
1680			STAND_WADING
1681			STAND_WADING_TO_WALK_WADING
1682			STAND_WADING_TO_COMBAT_READY
1683			COMBAT_READY_TO_STAND_WADING
1684			WADING_IDLE_1
1685			WALK_WADING_1
1686			WALK_WADING_2
1687			WALK_WADING_3
1688			WALK_WADING_4
1689			WALK_WADING_5
1690			WALK_WADING_TO_STAND_WADING
1691			WALK_WADING_TO_RUN_WADING
1692			RUN_WADING_1
1693			RUN_WADING_2
1694			RUN_WADING_3
1695			RUN_WADING_4
1696			RUN_WADING_5
1697			RUN_WADING_TO_STAND_WADING
1698			STEP_FORWARD_WADING
1699			STEP_BACKWARD_WADING
1700			STEP_LEFT_WADING
1701			STEP_RIGHT_WADING
1702			TURN_LEFT_WADING_45
1703			TURN_RIGHT_WADING_45
1704			TURN_LEFT_WADING_90
1705			TURN_RIGHT_WADING_90
1706			TURN_LEFT_WADING_180
1707			TURN_RIGHT_WADING_180
1708			TURN_LEFT_TO_WALK_WADING_45
1709			TURN_RIGHT_TO_WALK_WADING_45
1710			TURN_LEFT_TO_WALK_WADING_90
1711			TURN_RIGHT_TO_WALK_WADING_90
1712			TURN_LEFT_TO_WALK_WADING_180
1713			TURN_RIGHT_TO_WALK_WADING_180
1714			BEAM_FREE
1715			BEAM_FREE_LOOPED
1716			BEAM_LOCKED
1717			BEAM_LOCKED_LOOPED
1718			BEAM_NORMALISED
1719			BEAM_NORMALISED_LOOPED
1720			BEAM_TRACK_MOVEMENT
1721			BEAM_TRACK_TRANSITION_MOVEMENT
1722			BEAM_TRACK_BACKWARDS_MOVEMENT
1723			BEAM_TRACK_ROTATION
1724			BEAM_TRACK_ROTATION_LOOPED
1725			BEAM_TRACK_SLIDE
1726			BEAM_TRACK_CLIMBING
1727			BEAM_TRACK_CLIMBING_NON_LOOPED
1728			BEAM_TRACK_MOVEMENT_UNTIL_DEATH
1729			BEAM_TURN_TO_MOVE_LEFT
1730			BEAM_TURN_TO_MOVE_RIGHT
1731			BEAM_COMBAT
1732			BEAM_ANIMATION_ACTION_LOCKED
1733			BEAM_ANIMATION_ACTION_CONTROL_MOTION
1734			BEAM_ANIMATION_ACTION_CONTROL_MOTION_NORMALISED
1735			BEAM_DEATH_CONTROL_MOTION
1736			BEAM_RIDER_SYNCHED
1737			BEAM_RIDER_SYNCHED_LOOPED
1738			BEAM_RIDER_SYNCHED_COMBAT
1739			BEAM_RIDER_SYNCHED_TURN
1740			BEAM_RIDER_SYNCHED_TURN_TO_MOVE
1741			BEAM_RIDER_SPLICED
1742			BEAM_RIDER_SPLICED_LOOPED
1743			BEAM_RIDER_DEATH
1744			BEAM_TEST
1745			BEAM_TEST_LOOPED